{
  "train_loss": [
    1.7486553231064155,
    1.2048296653494543,
    0.9748102686843093,
    0.7387713702357546,
    0.5723837157901452,
    0.3524161045648614,
    0.24572311004205627,
    0.14256129745317966,
    0.11715290684785162,
    0.32189327755144664
  ],
  "val_loss": [
    1.293618046669733,
    0.9622927296729314,
    0.9776562878063747,
    0.5377596015021915,
    0.39669051681246076,
    0.27843737602233887,
    0.13106735206785655,
    0.11729002935545785,
    0.04665821297537713,
    1.971202196393694
  ],
  "train_acc": [
    0.26377551020408163,
    0.4459183673469388,
    0.5581632653061225,
    0.6790816326530612,
    0.7785714285714286,
    0.8918367346938776,
    0.9244897959183673,
    0.9647959183673469,
    0.9658163265306122,
    0.9142857142857143
  ],
  "val_acc": [
    0.46190476190476193,
    0.5904761904761905,
    0.5595238095238095,
    0.7928571428571428,
    0.8761904761904762,
    0.9166666666666666,
    0.9642857142857143,
    0.9761904761904762,
    0.9928571428571429,
    0.5904761904761905
  ]
}