{
  "train_loss": [
    1.2041689408068754,
    0.5518902944058788,
    0.190843108448447,
    0.13418893709170576,
    0.11110847745927013,
    0.047462594194565805,
    0.049886979755936,
    0.06082801830631738,
    0.03178683463389016,
    0.04009340133955132,
    0.022463305833350336,
    0.00588663292839964,
    0.0011944755686123913
  ],
  "val_loss": [
    0.7020806658835638,
    0.37496312061945597,
    0.13520630385194507,
    0.19608921779408342,
    0.026365972886837664,
    0.09168495699497206,
    0.017553212869513248,
    0.06655361932658013,
    0.019891689728302436,
    0.053385334629343736,
    0.09287373106704937,
    0.0008366129167067508,
    0.0018673225786880634
  ],
  "train_acc": [
    0.5102040816326531,
    0.7887755102040817,
    0.9464285714285714,
    0.9571428571428572,
    0.9658163265306122,
    0.985204081632653,
    0.985204081632653,
    0.9841836734693877,
    0.9918367346938776,
    0.9897959183673469,
    0.9948979591836735,
    0.9984693877551021,
    0.9994897959183674
  ],
  "val_acc": [
    0.7452380952380953,
    0.8785714285714286,
    0.9571428571428572,
    0.9404761904761905,
    0.9904761904761905,
    0.9738095238095238,
    0.9976190476190476,
    0.9761904761904762,
    0.9928571428571429,
    0.9857142857142858,
    0.9809523809523809,
    1.0,
    1.0
  ]
}