{
  "train_loss": [
    1.9529968514734386,
    1.949330117751141,
    1.948879159713278,
    1.9475861627228406,
    1.9482489177158901,
    1.9474980568399234
  ],
  "val_loss": [
    1.948538018408276,
    1.950817918777466,
    1.950429341906593,
    1.9506559916904995,
    1.9562991233099074,
    1.9556080704643612
  ],
  "train_acc": [
    0.12448979591836734,
    0.12602040816326532,
    0.14744897959183673,
    0.14489795918367346,
    0.13622448979591836,
    0.15459183673469387
  ],
  "val_acc": [
    0.14285714285714285,
    0.1380952380952381,
    0.11904761904761904,
    0.11190476190476191,
    0.09523809523809523,
    0.09285714285714286
  ]
}